country,cutoff,target,actual,n_frozen_edges,n_frozen_parents,n_rolling_edges,n_rolling_parents,mae_arima,mae_blind,mae_frozen,mae_rolling
KEN,2008,gdp_growth,3.3069,4,0,6,0,1.4837,1.7792,1.7792,1.7792
KEN,2008,inflation_cpi,9.2341,4,2,6,2,16.8716,27.7126,2.0366,2.0366
KEN,2008,unemployment,2.8180,4,0,6,0,0.0237,0.1497,0.1497,0.1497
KEN,2008,exports_gdp,18.7749,4,1,6,2,3.9702,9.7339,7.4909,7.9505
KEN,2008,imports_gdp,27.1702,4,0,6,1,7.2423,4.6867,4.6867,6.1631
KEN,2008,current_account,-3.9873,4,0,6,0,1.1014,2.5797,2.5797,2.5797
KEN,2008,real_interest_rate,-10.0960,4,0,6,0,11.2698,24.4746,24.4746,24.4746
KEN,2008,broad_money,31.8736,4,0,6,0,4.2214,5.4018,5.4018,5.4018
KEN,2008,private_credit,21.8748,4,1,6,1,2.6150,1.4423,0.1612,0.1612
KEN,2008,govt_consumption,13.5546,4,0,6,0,2.3914,1.8937,1.8937,1.8937
KEN,2009,gdp_growth,8.0585,4,0,8,0,5.7361,6.5746,6.5746,6.5746
KEN,2009,inflation_cpi,3.9614,4,2,8,2,7.6995,17.4517,12.0323,12.0323
KEN,2009,unemployment,2.7960,4,0,8,1,0.0465,0.0807,0.0807,0.1632
KEN,2009,exports_gdp,20.1244,4,1,8,2,1.6798,2.7376,2.3533,4.1603
KEN,2009,imports_gdp,30.2699,4,0,8,2,1.0801,0.1436,0.1436,3.6210
KEN,2009,current_account,-5.2167,4,0,8,0,0.9313,6.7144,6.7144,6.7144
KEN,2009,real_interest_rate,12.5270,4,0,8,0,19.5594,2.3060,2.3060,2.3060
KEN,2009,broad_money,35.5104,4,0,8,0,2.5381,1.2552,1.2552,1.2552
KEN,2009,private_credit,23.9866,4,1,8,1,0.5973,0.0378,1.4337,1.4337
KEN,2009,govt_consumption,12.9530,4,0,8,0,0.3199,2.7306,2.7306,2.7306
KEN,2010,gdp_growth,5.1211,4,0,8,0,2.0541,2.4047,2.4047,2.4047
KEN,2010,inflation_cpi,14.0225,4,2,8,2,9.6009,5.5926,9.5768,9.5768
KEN,2010,unemployment,2.7040,4,0,8,1,0.0841,0.0595,0.0595,0.1532
KEN,2010,exports_gdp,21.5495,4,1,8,2,1.3372,1.0922,2.5828,2.7565
KEN,2010,imports_gdp,36.8527,4,0,8,2,7.4852,4.5932,4.5932,7.9899
KEN,2010,current_account,-8.1488,4,0,8,0,3.1742,3.4827,3.4827,3.4827
KEN,2010,real_interest_rate,4.5262,4,0,8,0,1.5880,0.5636,0.5636,0.5636
KEN,2010,broad_money,36.5694,4,0,8,0,2.2434,0.7295,0.7295,0.7295
KEN,2010,private_credit,27.3660,4,1,8,1,4.3271,3.4811,2.0654,2.0654
KEN,2010,govt_consumption,12.6846,4,0,8,0,0.1714,3.2328,3.2328,3.2328
KEN,2011,gdp_growth,4.5687,4,0,10,1,1.2824,0.9313,0.9313,1.6503
KEN,2011,inflation_cpi,9.3778,4,2,10,2,3.5523,6.0925,0.0558,0.0558
KEN,2011,unemployment,2.6820,4,0,10,2,0.0131,0.0524,0.0524,0.0545
KEN,2011,exports_gdp,19.8649,4,1,10,2,1.7853,2.7318,6.6894,4.6490
KEN,2011,imports_gdp,31.7587,4,0,10,2,3.7078,1.9182,1.9182,2.2569
KEN,2011,current_account,-7.4759,4,0,10,0,0.1134,3.6359,3.6359,3.6359
KEN,2011,real_interest_rate,9.3135,4,0,10,0,1.5039,13.5809,13.5809,13.5809
KEN,2011,broad_money,36.5265,4,0,10,0,0.2533,2.2368,2.2368,2.2368
KEN,2011,private_credit,26.4022,4,1,10,1,0.3201,2.4488,1.3040,1.3040
KEN,2011,govt_consumption,12.2714,4,0,10,0,0.3688,2.4213,2.4213,2.4213
KEN,2012,gdp_growth,3.7978,4,0,10,1,0.8957,1.7610,1.7610,2.0503
KEN,2012,inflation_cpi,5.7175,4,2,10,2,4.2326,9.3631,2.7248,2.7248
KEN,2012,unemployment,2.7640,4,0,10,2,0.0901,0.0043,0.0043,0.0299
KEN,2012,exports_gdp,17.7922,4,1,10,2,1.9663,3.1513,4.0720,4.6092
KEN,2012,imports_gdp,29.6725,4,0,10,2,3.5263,2.0328,2.0328,2.3786
KEN,2012,current_account,-7.8515,4,0,10,0,0.2466,2.9874,2.9874,2.9874
KEN,2012,real_interest_rate,9.2939,4,0,10,0,1.9716,1.7837,1.7837,1.7837
KEN,2012,broad_money,37.7934,4,0,10,0,1.2549,1.5191,1.5191,1.5191
KEN,2012,private_credit,28.3322,4,1,10,1,1.5701,2.4214,3.4396,3.4396
KEN,2012,govt_consumption,11.8426,4,0,10,0,0.3585,2.0444,2.0444,2.0444
KEN,2013,gdp_growth,5.0201,4,0,12,1,1.0500,0.1534,0.1534,1.9447
KEN,2013,inflation_cpi,6.8782,4,2,12,2,0.7378,3.2095,0.5332,0.5332
KEN,2013,unemployment,2.7680,4,0,12,2,0.0244,0.0834,0.0834,0.0957
KEN,2013,exports_gdp,16.4728,4,1,12,2,1.1677,2.5026,6.5467,5.5455
KEN,2013,imports_gdp,29.6977,4,0,12,2,0.4621,0.3376,0.3376,0.9613
KEN,2013,current_account,-9.3400,4,0,12,0,1.5608,1.9227,1.9227,1.9227
KEN,2013,real_interest_rate,8.2491,4,0,12,0,1.0529,5.1277,5.1277,5.1277
KEN,2013,broad_money,42.3013,4,0,12,1,4.8619,5.0168,5.0168,5.2591
KEN,2013,private_credit,34.5221,4,1,12,2,6.9309,7.7044,8.1859,7.8218
KEN,2013,govt_consumption,11.7425,4,0,12,0,0.0246,0.7991,0.7991,0.7991
KEN,2014,gdp_growth,4.9677,4,0,15,1,0.2272,0.0531,0.0531,1.2068
KEN,2014,inflation_cpi,6.5822,4,2,15,2,0.1604,4.4254,0.2533,0.2533
KEN,2014,unemployment,2.7620,4,0,15,2,0.0073,0.0059,0.0059,0.0094
KEN,2014,exports_gdp,15.1287,4,1,15,3,1.2380,3.2022,6.1883,3.0956
KEN,2014,imports_gdp,25.1987,4,0,15,2,4.4932,5.3434,5.3434,5.9734
KEN,2014,current_account,-6.3046,4,0,15,0,2.7500,2.2625,2.2625,2.2625
KEN,2014,real_interest_rate,6.2688,4,0,15,0,2.4125,3.7578,3.7578,3.7578
KEN,2014,broad_money,42.8194,4,0,15,2,1.6170,4.0825,4.0825,1.2709
KEN,2014,private_credit,36.6993,4,1,15,3,3.9853,6.7912,10.7554,3.4531
KEN,2014,govt_consumption,12.7267,4,0,15,0,1.0019,0.6826,0.6826,0.6826
KEN,2015,gdp_growth,4.2135,4,0,17,1,0.7661,0.1236,0.1236,0.0245
KEN,2015,inflation_cpi,6.2972,4,2,17,2,0.3196,4.8065,0.3883,0.3883
KEN,2015,unemployment,2.7570,4,0,17,3,0.0030,0.0017,0.0017,0.0003
KEN,2015,exports_gdp,13.2497,4,1,17,4,1.7644,3.4340,7.7618,5.0121
KEN,2015,imports_gdp,21.6153,4,0,17,2,4.6250,5.0082,5.0082,4.8066
KEN,2015,current_account,-5.3970,4,0,17,0,1.5104,1.9808,1.9808,1.9808
KEN,2015,real_interest_rate,10.1181,4,0,17,0,3.0310,2.8969,2.8969,2.8969
KEN,2015,broad_money,40.3276,4,0,17,2,2.3844,0.8633,0.8633,0.3256
KEN,2015,private_credit,35.5711,4,1,17,3,0.7743,0.5218,9.2546,0.0325
KEN,2015,govt_consumption,12.6098,4,0,17,0,0.2872,0.5623,0.5623,0.5623
KEN,2016,gdp_growth,3.8380,4,0,17,1,0.5472,0.5027,0.5027,0.2894
KEN,2016,inflation_cpi,8.0056,4,2,17,2,1.6750,3.7255,1.5124,1.5124
KEN,2016,unemployment,3.5410,4,0,17,3,0.7856,0.7693,0.7693,0.7692
KEN,2016,exports_gdp,12.7367,4,1,17,4,0.3397,1.2746,8.0859,2.3866
KEN,2016,imports_gdp,23.2584,4,0,17,2,1.0061,1.2262,1.2262,0.2591
KEN,2016,current_account,-6.9968,4,0,17,0,1.4260,0.3766,0.3766,0.3766
KEN,2016,real_interest_rate,5.6567,4,0,17,0,2.8595,1.0950,1.0950,1.0950
KEN,2016,broad_money,39.3520,4,0,17,2,1.5077,0.0017,0.0017,1.9812
KEN,2016,private_credit,33.1506,4,1,17,3,2.6139,1.6390,6.2184,0.7716
KEN,2016,govt_consumption,12.3351,4,0,17,0,0.2557,0.3570,0.3570,0.3570
KEN,2017,gdp_growth,5.6479,4,0,15,1,1.7254,1.4076,1.4076,2.6234
KEN,2017,inflation_cpi,4.6898,4,2,15,2,3.1150,4.9487,2.3954,2.3954
KEN,2017,unemployment,4.2840,4,0,15,3,0.5642,0.8301,0.8301,0.8284
KEN,2017,exports_gdp,12.5420,4,1,15,4,0.1463,5.4645,5.0822,6.4181
KEN,2017,imports_gdp,21.8728,4,0,15,1,1.0783,5.4078,5.4078,1.2623
KEN,2017,current_account,-5.4111,4,0,15,0,1.2756,1.0390,1.0390,1.0390
KEN,2017,real_interest_rate,8.4880,4,0,15,0,0.9533,6.6355,6.6355,6.6355
KEN,2017,broad_money,39.3598,4,0,15,1,0.1827,1.8895,1.8895,2.5137
KEN,2017,private_credit,31.1987,4,1,15,3,2.3305,3.7547,2.0940,1.9560
KEN,2017,govt_consumption,12.3487,4,0,15,0,0.0586,0.4878,0.4878,0.4878
KEN,2018,gdp_growth,5.1142,4,0,16,1,0.1186,0.4432,0.4432,0.1784
KEN,2018,inflation_cpi,5.2396,4,2,16,2,0.1525,1.7947,0.8249,0.8249
KEN,2018,unemployment,5.0140,4,0,16,3,0.1456,1.3041,1.3041,0.8412
KEN,2018,exports_gdp,11.4280,4,1,16,4,1.0956,3.7675,9.9870,3.9020
KEN,2018,imports_gdp,20.3315,4,0,16,2,1.8069,4.0909,4.0909,2.4831
KEN,2018,current_account,-5.2385,4,0,16,0,0.4855,0.6443,0.6443,0.6443
KEN,2018,real_interest_rate,7.8311,4,0,16,0,0.5410,0.0265,0.0265,0.0265
KEN,2018,broad_money,38.0705,4,0,16,1,1.2878,1.0219,1.0219,2.9858
KEN,2018,private_credit,30.8320,4,1,16,3,0.6175,2.8415,3.0121,2.5581
KEN,2018,govt_consumption,12.1708,4,0,16,0,0.1801,0.1736,0.1736,0.1736
KEN,2019,gdp_growth,-0.2728,4,0,19,1,5.5102,5.1660,5.1660,5.3117
KEN,2019,inflation_cpi,5.4052,4,2,19,2,0.2316,0.8838,0.6471,0.6471
KEN,2019,unemployment,5.6190,4,0,19,3,0.0172,0.8518,0.8518,1.1643
KEN,2019,exports_gdp,11.4410,4,1,19,4,0.1192,2.0648,3.5558,2.1513
KEN,2019,imports_gdp,18.9581,4,0,19,2,1.6595,3.1204,3.1204,2.5642
KEN,2019,current_account,-3.2691,4,0,19,0,2.0033,2.3530,2.3530,2.3530
KEN,2019,real_interest_rate,6.7146,4,0,19,0,1.3943,3.4316,3.4316,3.4316
KEN,2019,broad_money,41.2026,4,0,19,1,2.8807,1.8847,1.8847,0.3569
KEN,2019,private_credit,32.1498,4,1,19,3,1.2728,0.0201,1.1639,1.8969
KEN,2019,govt_consumption,12.4777,4,0,19,3,0.3360,0.2147,0.2147,0.3372
KEN,2020,gdp_growth,7.5905,4,0,20,1,6.7184,5.2409,5.2409,6.8539
KEN,2020,inflation_cpi,6.1079,4,2,20,2,0.7227,25.8709,0.2036,0.2036
KEN,2020,unemployment,5.6930,4,0,20,3,0.4391,0.6977,0.6977,0.3133
KEN,2020,exports_gdp,13.1097,4,1,20,5,1.6675,1.9898,0.1126,1.1866
KEN,2020,imports_gdp,21.8923,4,0,20,2,2.6877,0.3936,0.3936,1.6952
KEN,2020,current_account,-4.5990,4,0,20,0,0.9439,0.0676,0.0676,0.0676
KEN,2020,real_interest_rate,7.4276,4,0,20,0,0.2406,3.7574,3.7574,3.7574
KEN,2020,broad_money,38.9888,4,0,20,1,1.5469,0.2694,0.2694,0.2229
KEN,2020,private_credit,31.1231,4,1,20,3,0.8618,0.3863,0.9215,1.0964
KEN,2020,govt_consumption,12.1469,4,0,20,3,0.3803,1.5154,1.5154,0.3847
KEN,2021,gdp_growth,4.8600,4,0,22,2,0.3394,1.4422,1.4422,1.0168
KEN,2021,inflation_cpi,7.6599,4,2,22,3,1.6365,4.3929,1.8028,4.6106
KEN,2021,unemployment,5.7070,4,0,22,3,0.0406,1.4408,1.4408,1.2980
KEN,2021,exports_gdp,15.9570,4,1,22,5,2.6885,3.4811,4.7203,3.5864
KEN,2021,imports_gdp,24.3183,4,0,22,2,2.9794,2.2040,2.2040,2.6584
KEN,2021,current_account,-4.2000,4,0,22,0,0.1343,0.3513,0.3513,0.3513
KEN,2021,real_interest_rate,5.0289,4,0,22,0,2.0967,0.4334,0.4334,0.4334
KEN,2021,broad_money,37.3799,4,0,22,1,2.1301,2.6881,2.6881,3.4661
KEN,2021,private_credit,31.2584,4,1,22,3,0.0010,0.7512,3.6976,0.1569
KEN,2021,govt_consumption,12.2133,4,0,22,3,0.1184,0.0888,0.0888,0.0178
KEN,2022,gdp_growth,5.7200,4,0,23,2,0.1796,1.5505,1.5505,0.0081
KEN,2022,inflation_cpi,7.6714,4,2,23,3,0.1977,1.3285,1.2315,1.4001
KEN,2022,unemployment,5.5670,4,0,23,3,0.1503,2.8183,2.8183,2.5810
KEN,2022,exports_gdp,16.8907,4,1,23,5,0.6260,2.8659,1.1177,1.7772
KEN,2022,imports_gdp,24.2204,4,0,23,2,0.3089,2.0098,2.0098,0.1656
KEN,2022,current_account,-2.5455,4,0,23,0,1.7341,2.2364,2.2364,2.2364
KEN,2022,real_interest_rate,7.7528,4,0,23,0,1.7055,0.5662,0.5662,0.5662
KEN,2022,broad_money,40.2068,4,0,23,1,2.4822,0.5449,0.5449,1.7759
KEN,2022,private_credit,31.7981,4,1,23,4,0.5574,0.7086,1.7701,2.0297
KEN,2022,govt_consumption,11.7770,4,0,23,3,0.4467,0.4816,0.4816,0.3173
TZA,2008,gdp_growth,5.2691,33,2,34,2,0.0510,2.1446,0.3324,0.3324
TZA,2008,inflation_cpi,12.1422,33,4,34,4,0.6704,2.6329,0.7425,0.7425
TZA,2008,unemployment,2.5000,33,5,34,5,0.1401,0.5980,0.5753,0.5753
TZA,2008,exports_gdp,18.1943,33,1,34,1,1.1154,1.1127,1.1028,1.1028
TZA,2008,imports_gdp,25.3383,33,4,34,5,4.8386,2.5895,6.6257,6.4374
TZA,2008,current_account,-6.1561,33,5,34,5,3.0727,0.7029,1.4499,1.4499
TZA,2008,real_interest_rate,5.4922,33,5,34,5,7.2710,1.3975,1.2844,1.2844
TZA,2008,broad_money,22.8667,33,1,34,1,0.8337,1.9123,0.5545,0.5545
TZA,2008,private_credit,11.2674,33,2,34,2,0.8065,3.9568,4.1993,4.1993
TZA,2008,govt_consumption,12.3331,33,4,34,4,1.0529,0.3470,0.5878,0.5878
TZA,2009,gdp_growth,6.3365,33,2,36,3,1.2481,1.1761,0.4247,0.9762
TZA,2009,inflation_cpi,6.2002,33,4,36,5,6.6405,4.1832,3.2472,3.3530
TZA,2009,unemployment,3.0300,33,5,36,5,0.7045,0.2231,0.0829,0.1302
TZA,2009,exports_gdp,19.6075,33,1,36,1,1.9603,1.0516,0.9214,0.9214
TZA,2009,imports_gdp,28.0329,33,4,36,5,4.4932,1.3513,0.4824,0.0290
TZA,2009,current_account,-6.9059,33,5,36,5,0.6429,2.5239,2.4165,2.4165
TZA,2009,real_interest_rate,4.6747,33,5,36,5,0.0562,1.8834,3.3133,3.3679
TZA,2009,broad_money,24.6479,33,1,36,1,1.5310,2.2110,2.5216,2.5216
TZA,2009,private_credit,11.7183,33,2,36,2,0.6816,2.7526,1.5839,1.5839
TZA,2009,govt_consumption,10.3622,33,4,36,4,1.9452,2.3089,2.4530,2.4530
TZA,2010,gdp_growth,7.6722,33,2,38,3,0.9005,1.9577,1.5455,1.2332
TZA,2010,inflation_cpi,12.6910,33,4,38,5,8.4842,2.3506,0.5647,1.8257
TZA,2010,unemployment,3.4700,33,5,38,5,0.3413,0.6833,0.6513,0.4265
TZA,2010,exports_gdp,21.6343,33,1,38,1,1.4738,2.8909,2.3391,2.3391
TZA,2010,imports_gdp,34.5318,33,4,38,5,5.5946,7.7882,16.2511,14.4729
TZA,2010,current_account,-12.6408,33,5,38,5,5.7741,6.5107,7.0293,7.0763
TZA,2010,real_interest_rate,2.4643,33,5,38,5,2.3164,3.6529,3.9071,3.8840
TZA,2010,broad_money,24.1242,33,1,38,1,1.3456,1.0278,1.3955,1.3955
TZA,2010,private_credit,12.3550,33,2,38,4,0.4805,3.9637,6.6306,7.0573
TZA,2010,govt_consumption,9.6969,33,4,38,4,0.8079,1.6587,1.4398,1.4398
TZA,2011,gdp_growth,4.5002,33,2,40,4,3.7785,0.0818,3.3829,2.6590
TZA,2011,inflation_cpi,16.0011,33,4,40,5,2.0446,0.9495,0.9277,1.7783
TZA,2011,unemployment,3.2230,33,5,40,5,0.4358,0.2384,0.1824,0.1804
TZA,2011,exports_gdp,22.3721,33,1,40,1,0.1196,4.0650,2.8254,2.8254
TZA,2011,imports_gdp,31.9968,33,4,40,5,5.1475,7.2048,8.0173,8.0061
TZA,2011,current_account,-9.4938,33,5,40,5,3.0654,0.4884,0.9439,0.1932
TZA,2011,real_interest_rate,4.5914,33,5,40,5,1.8535,0.8216,0.0551,0.1401
TZA,2011,broad_money,23.5036,33,1,40,1,0.4087,1.7520,1.0678,1.0678
TZA,2011,private_credit,12.8184,33,2,40,5,0.2385,4.4675,5.1787,5.3629
TZA,2011,govt_consumption,10.4271,33,4,40,4,0.7051,1.3930,0.4191,0.4191
TZA,2012,gdp_growth,6.7816,33,2,40,4,2.9932,1.8629,2.1913,2.3799
TZA,2012,inflation_cpi,7.8707,33,4,40,5,8.8856,5.3414,5.1232,4.9836
TZA,2012,unemployment,2.9300,33,5,40,4,0.2378,0.2506,0.3979,0.2510
TZA,2012,exports_gdp,19.0128,33,1,40,1,3.6696,0.9152,0.6579,0.6579
TZA,2012,imports_gdp,29.6188,33,4,40,5,1.6832,1.5125,0.5885,1.7948
TZA,2012,current_account,-10.9268,33,5,40,5,1.0158,1.0066,2.4174,2.3537
TZA,2012,real_interest_rate,5.6486,33,5,40,5,1.3484,0.0963,1.1894,0.9327
TZA,2012,broad_money,22.0710,33,1,40,1,1.1778,1.4196,1.0778,1.0778
TZA,2012,private_credit,12.5373,33,2,40,5,0.4472,2.9897,4.5300,5.3800
TZA,2012,govt_consumption,10.0456,33,4,40,5,0.3465,0.3210,0.4048,0.4213
TZA,2013,gdp_growth,6.7325,33,2,40,4,0.1081,0.2260,1.4023,1.2150
TZA,2013,inflation_cpi,6.1316,33,4,40,5,0.4685,2.0066,3.6312,4.0425
TZA,2013,unemployment,2.1250,33,5,40,4,0.7224,0.8178,0.7134,0.7200
TZA,2013,exports_gdp,18.0692,33,1,40,1,0.3298,0.4784,0.2649,0.2649
TZA,2013,imports_gdp,27.2868,33,4,40,5,1.6415,0.4835,1.3954,1.8437
TZA,2013,current_account,-9.9757,33,5,40,5,0.7320,3.4593,4.0080,4.0165
TZA,2013,real_interest_rate,9.6557,33,5,40,5,4.1426,4.2303,4.9746,4.9021
TZA,2013,broad_money,22.5344,33,1,40,1,1.0761,0.1278,0.5704,0.5704
TZA,2013,private_credit,13.3037,33,2,40,5,0.8656,2.0231,4.3612,1.3597
TZA,2013,govt_consumption,9.8678,33,4,40,5,0.1982,2.6332,0.8464,0.9801
TZA,2014,gdp_growth,6.1606,33,2,40,4,0.5749,0.6313,0.5543,0.1454
TZA,2014,inflation_cpi,5.5882,33,4,40,5,0.2574,0.0229,3.2271,3.2938
TZA,2014,unemployment,2.0090,33,5,40,4,0.2581,0.5435,1.1042,0.6632
TZA,2014,exports_gdp,17.1049,33,1,40,1,0.6188,1.3780,1.7260,1.7260
TZA,2014,imports_gdp,23.6528,33,4,40,5,2.9227,3.8537,4.3368,4.3921
TZA,2014,current_account,-5.5224,33,5,40,5,4.6052,1.0469,1.1599,0.9957
TZA,2014,real_interest_rate,7.9129,33,5,40,5,1.2839,1.6592,0.2856,1.4109
TZA,2014,broad_money,23.4398,33,1,40,1,0.7231,0.6225,1.0912,1.0912
TZA,2014,private_credit,14.6135,33,2,40,5,1.0444,3.0033,3.3677,2.1721
TZA,2014,govt_consumption,9.9273,33,4,40,5,0.0503,1.2226,0.6957,0.4846
TZA,2015,gdp_growth,6.8671,33,2,41,4,0.6711,0.2398,0.3510,0.0101
TZA,2015,inflation_cpi,5.1748,33,4,41,5,0.3234,0.4984,0.9364,1.0664
TZA,2015,unemployment,1.9310,33,5,41,4,0.0376,0.4042,1.2069,1.1532
TZA,2015,exports_gdp,16.3500,33,1,41,1,0.3945,0.9085,2.9887,2.9887
TZA,2015,imports_gdp,19.0705,33,4,41,5,3.3847,3.9772,0.5492,1.6157
TZA,2015,current_account,-2.4460,33,5,41,5,3.6645,3.7330,3.3520,3.9278
TZA,2015,real_interest_rate,7.8963,33,5,41,5,0.2431,0.4714,0.2968,0.7492
TZA,2015,broad_money,21.1124,33,1,41,2,2.6908,2.4238,1.1302,1.3609
TZA,2015,private_credit,13.6703,33,2,41,5,1.4263,1.4623,1.0704,2.2850
TZA,2015,govt_consumption,9.0665,33,4,41,5,0.8577,0.8675,1.2871,0.9750
TZA,2016,gdp_growth,6.7273,33,2,45,5,0.0888,0.1865,0.0909,0.1315
TZA,2016,inflation_cpi,5.3187,33,4,45,5,0.2127,0.0212,0.1418,0.1376
TZA,2016,unemployment,1.8540,33,5,45,4,0.0496,0.2204,1.1719,1.2897
TZA,2016,exports_gdp,15.6635,33,1,45,3,0.4005,0.8697,2.5025,0.8135
TZA,2016,imports_gdp,17.4491,33,4,45,5,0.0805,1.8587,1.0327,0.9095
TZA,2016,current_account,-2.7732,33,5,45,5,0.1979,0.8292,0.5089,0.0564
TZA,2016,real_interest_rate,14.7094,33,5,45,5,6.8109,6.3775,7.2059,7.4576
TZA,2016,broad_money,20.8134,33,1,45,3,0.5061,2.5136,1.3145,1.1273
TZA,2016,private_credit,13.0765,33,2,45,5,0.2933,4.8267,6.9088,6.2011
TZA,2016,govt_consumption,8.5034,33,4,45,5,0.6089,2.1994,1.1717,1.4526
TZA,2017,gdp_growth,5.5027,33,2,45,5,1.2349,1.3196,1.2781,1.3021
TZA,2017,inflation_cpi,3.4945,33,4,45,5,1.8482,1.8267,1.9040,1.8428
TZA,2017,unemployment,1.7920,33,5,45,4,0.0348,0.2825,1.1993,1.3006
TZA,2017,exports_gdp,14.7391,33,1,45,3,0.6614,1.1067,2.7053,1.0080
TZA,2017,imports_gdp,17.9035,33,4,45,5,1.0555,0.4649,1.4091,0.6754
TZA,2017,current_account,-4.0502,33,5,45,5,1.2918,1.3853,1.7849,1.9189
TZA,2017,real_interest_rate,13.9860,33,5,45,5,0.1535,1.5678,0.7205,1.3148
TZA,2017,broad_money,20.0114,33,1,45,3,0.7055,1.3750,2.2116,0.5117
TZA,2017,private_credit,12.7000,33,2,45,5,0.1828,2.1945,6.8378,6.8401
TZA,2017,govt_consumption,8.1126,33,4,45,5,0.4146,0.9292,1.4402,1.1989
TZA,2018,gdp_growth,5.8000,33,2,45,5,0.2121,0.1760,0.0487,0.0581
TZA,2018,inflation_cpi,3.4643,33,4,45,5,0.2727,1.3578,1.3751,1.7109
TZA,2018,unemployment,1.7350,33,5,45,4,0.0349,0.4243,0.9118,0.9574
TZA,2018,exports_gdp,16.0367,33,1,45,3,1.6570,0.8598,0.5586,0.8699
TZA,2018,imports_gdp,16.9818,33,4,45,5,1.0878,1.6937,0.0976,0.6149
TZA,2018,current_account,-2.1961,33,5,45,5,1.7990,1.0211,1.2734,0.4821
TZA,2018,real_interest_rate,14.3629,33,5,45,5,0.2857,2.5189,1.6559,3.2318
TZA,2018,broad_money,20.2755,33,1,45,3,0.5269,1.7522,2.7648,1.6886
TZA,2018,private_credit,12.6383,33,2,45,5,0.0623,7.0155,7.9611,5.0202
TZA,2018,govt_consumption,7.7824,33,4,45,5,0.3448,0.6011,0.5408,0.9126
TZA,2019,gdp_growth,1.9920,33,2,50,5,3.7854,3.8477,3.8379,3.7476
TZA,2019,inflation_cpi,3.2903,33,4,50,5,0.1690,0.7537,0.9164,0.9626
TZA,2019,unemployment,1.7920,33,5,50,5,0.0774,0.0617,0.4342,0.1341
TZA,2019,exports_gdp,13.5039,33,1,50,5,3.0140,2.0526,3.0202,2.1736
TZA,2019,imports_gdp,14.4591,33,4,50,5,2.1867,2.9065,1.7117,2.4764
TZA,2019,current_account,-2.2076,33,5,50,5,0.0907,0.0209,0.1897,0.1468
TZA,2019,real_interest_rate,9.6375,33,5,50,5,4.6776,4.1928,4.8963,3.1265
TZA,2019,broad_money,19.7403,33,1,50,5,0.6198,0.7934,0.4119,0.3547
TZA,2019,private_credit,12.4352,33,2,50,5,0.1828,0.4083,7.2525,4.6006
TZA,2019,govt_consumption,7.6996,33,4,50,5,0.0943,0.3482,0.6545,0.4138
TZA,2020,gdp_growth,4.3214,33,2,49,5,1.9349,1.1152,0.9209,0.8043
TZA,2020,inflation_cpi,3.6909,33,4,49,5,0.4294,0.5587,0.3560,0.9224
TZA,2020,unemployment,1.8760,33,5,49,5,0.0637,0.8218,0.9170,0.9715
TZA,2020,exports_gdp,14.1200,33,1,49,4,1.4385,0.0985,1.9640,1.4690
TZA,2020,imports_gdp,15.7952,33,4,49,5,2.2723,0.8582,1.1262,0.8851
TZA,2020,current_account,-3.3604,33,5,49,5,1.1534,0.7832,1.8043,1.5584
TZA,2020,real_interest_rate,9.6375,33,5,49,5,0.6205,1.5901,1.6988,1.7456
TZA,2020,broad_money,21.2861,33,1,49,5,1.7155,2.3837,5.2428,2.8254
TZA,2020,private_credit,12.9776,33,2,49,5,0.6094,8.4421,8.5387,7.9142
TZA,2020,govt_consumption,8.0051,33,4,49,5,0.3027,0.1839,1.1766,0.9741
TZA,2021,gdp_growth,4.5660,33,2,49,5,0.7995,1.1712,1.1444,1.0921
TZA,2021,inflation_cpi,4.3503,33,4,49,5,0.5931,0.5708,0.4379,0.2476
TZA,2021,unemployment,1.5730,33,5,49,5,0.3330,0.3850,0.6516,0.2391
TZA,2021,exports_gdp,15.4137,33,1,49,4,1.1177,0.8060,0.4887,0.0842
TZA,2021,imports_gdp,19.5897,33,4,49,5,3.3222,2.5378,3.7974,2.5757
TZA,2021,current_account,-7.2373,33,5,49,5,3.9396,4.4711,4.8588,4.7996
TZA,2021,real_interest_rate,9.6375,33,5,49,5,0.0000,3.6144,4.0794,2.1719
TZA,2021,broad_money,22.1149,33,1,49,5,0.3668,1.4991,4.8289,2.0231
TZA,2021,private_credit,15.1577,33,2,49,5,2.0027,2.2423,11.4639,10.1206
TZA,2021,govt_consumption,8.3018,33,4,49,5,0.3072,0.2790,0.2125,0.3473
TZA,2022,gdp_growth,5.0695,33,2,50,5,0.5543,0.2130,1.5414,1.4052
TZA,2022,inflation_cpi,3.7992,33,4,50,5,0.6606,1.1806,1.1458,1.6123
TZA,2022,unemployment,1.5650,33,5,50,5,0.0955,0.2142,0.3583,0.5107
TZA,2022,exports_gdp,17.1954,33,1,50,5,1.4025,1.1072,0.8291,1.2547
TZA,2022,imports_gdp,21.0166,33,4,50,5,0.0337,0.0790,0.0977,0.4765
TZA,2022,current_account,-3.7461,33,5,50,5,3.3705,0.2257,0.1288,0.3820
TZA,2022,real_interest_rate,9.6375,33,5,50,5,0.0000,3.3988,2.3741,3.4863
TZA,2022,broad_money,23.3641,33,1,50,5,0.9927,1.5807,4.6928,2.3982
TZA,2022,private_credit,16.3867,33,2,50,5,0.4575,2.7943,4.3337,2.4493
TZA,2022,govt_consumption,8.7596,33,4,50,5,0.4676,0.2341,0.0650,0.0437
UGA,2008,gdp_growth,6.8015,12,0,12,0,1.7841,,,
UGA,2008,unemployment,3.6000,12,0,12,0,0.4444,,,
UGA,2008,exports_gdp,18.6136,12,3,12,3,5.2128,,3.6356,3.6356
UGA,2008,imports_gdp,28.4503,12,0,12,0,3.6176,,,
UGA,2008,current_account,-4.1708,12,0,12,0,5.1707,,,
UGA,2008,real_interest_rate,-34.7434,12,3,12,3,47.0548,,44.5183,44.5183
UGA,2008,broad_money,14.0173,12,3,12,3,10.0309,,0.6271,0.6271
UGA,2008,govt_consumption,6.5853,12,3,12,3,3.9674,,4.9180,4.9180
UGA,2009,gdp_growth,5.6376,12,0,12,0,1.9632,,,
UGA,2009,unemployment,3.6230,12,0,12,0,0.2039,,,
UGA,2009,exports_gdp,13.8245,12,3,12,3,7.0725,,3.3329,3.1708
UGA,2009,imports_gdp,24.4448,12,0,12,0,4.1157,,,
UGA,2009,current_account,-6.0351,12,0,12,0,1.4499,,,
UGA,2009,real_interest_rate,13.7612,12,3,12,3,27.3072,,11.6670,4.4016
UGA,2009,broad_money,17.3448,12,3,12,3,1.0195,,6.0220,6.0220
UGA,2009,govt_consumption,8.2735,12,3,12,3,4.6542,,4.5232,4.5232
UGA,2010,gdp_growth,9.3917,12,0,12,0,3.2903,,,
UGA,2010,unemployment,3.5230,12,0,12,0,0.1082,,,
UGA,2010,exports_gdp,12.8557,12,3,12,3,1.5876,,0.3748,0.3940
UGA,2010,imports_gdp,26.8995,12,0,12,0,2.8966,,,
UGA,2010,current_account,-7.4888,12,0,12,0,1.7820,,,
UGA,2010,real_interest_rate,11.3735,12,3,12,3,33.6384,,2.0344,2.7185
UGA,2010,broad_money,16.3929,12,3,12,3,0.3280,,4.2111,4.1448
UGA,2010,govt_consumption,15.3978,12,3,12,3,6.8372,,1.0115,1.0115
UGA,2011,gdp_growth,3.8375,12,0,14,0,3.9800,,,
UGA,2011,unemployment,3.5510,12,0,14,0,0.0636,,,
UGA,2011,exports_gdp,15.4917,12,3,14,3,2.5539,,3.6716,3.5005
UGA,2011,imports_gdp,28.0104,12,0,14,1,1.0800,,,3.6976
UGA,2011,current_account,-6.0631,12,0,14,0,1.2286,,,
UGA,2011,real_interest_rate,21.4881,12,3,14,3,8.9237,,2.2320,2.3830
UGA,2011,broad_money,17.5610,12,3,14,4,0.8081,,0.8906,1.4521
UGA,2011,govt_consumption,7.5945,12,3,14,3,10.5831,,7.5929,7.5929
UGA,2012,gdp_growth,3.5869,12,0,16,0,2.9992,,,
UGA,2012,unemployment,1.9100,12,0,16,1,1.6509,,,1.5883
UGA,2012,exports_gdp,16.5130,12,3,16,3,1.2829,,4.1956,4.2320
UGA,2012,imports_gdp,26.5961,12,0,16,1,1.4520,,,0.2282
UGA,2012,current_account,-6.0572,12,0,16,1,0.2299,,,0.6860
UGA,2012,real_interest_rate,19.0146,12,3,16,3,2.6107,,6.9552,7.2659
UGA,2012,broad_money,17.9867,12,3,16,4,0.8742,,0.7673,1.1665
UGA,2012,govt_consumption,7.0981,12,3,16,3,3.2022,,7.9557,7.9557
UGA,2013,gdp_growth,5.1063,12,0,14,0,1.4139,,,
UGA,2013,unemployment,2.3570,12,0,14,1,0.9710,,,0.1882
UGA,2013,exports_gdp,14.9482,12,3,14,2,1.4828,,1.0359,0.2116
UGA,2013,imports_gdp,21.0662,12,0,14,1,5.5001,,,5.4535
UGA,2013,current_account,-6.6416,12,0,14,1,0.5835,,,3.0314
UGA,2013,real_interest_rate,15.6774,12,3,14,3,4.5728,,2.0176,0.8842
UGA,2013,broad_money,18.6600,12,3,14,4,0.8341,,1.2694,1.2047
UGA,2013,govt_consumption,7.4289,12,3,14,2,0.2337,,0.4635,2.8809
UGA,2014,gdp_growth,5.1879,12,0,16,0,0.7248,,,
UGA,2014,unemployment,2.6810,12,0,16,1,0.3160,,,0.8237
UGA,2014,exports_gdp,12.8773,12,3,16,3,2.2100,,2.4515,0.3410
UGA,2014,imports_gdp,24.8120,12,0,16,2,4.1959,,,0.8020
UGA,2014,current_account,-5.1603,12,0,16,1,1.3914,,,0.2261
UGA,2014,real_interest_rate,16.5547,12,3,16,3,0.7866,,2.8416,1.6213
UGA,2014,broad_money,18.8439,12,3,16,4,0.4372,,1.5553,3.6333
UGA,2014,govt_consumption,8.9545,12,3,16,2,1.5907,,5.3912,1.1690
UGA,2015,gdp_growth,4.7810,12,0,16,0,0.3727,,,
UGA,2015,unemployment,3.0020,12,0,16,1,0.3068,,,0.4634
UGA,2015,exports_gdp,12.4272,12,3,16,3,0.5948,,1.6039,0.4943
UGA,2015,imports_gdp,18.7822,12,0,16,2,5.7893,,,6.2545
UGA,2015,current_account,-2.8539,12,0,16,1,2.5484,,,4.2087
UGA,2015,real_interest_rate,18.2334,12,3,16,3,2.1164,,4.4484,3.2179
UGA,2015,broad_money,19.0748,12,3,16,4,0.2999,,4.4914,2.5606
UGA,2015,govt_consumption,7.3519,12,3,16,2,1.3072,,7.5649,2.2776
UGA,2016,gdp_growth,3.1314,12,0,16,0,1.8204,,,
UGA,2016,unemployment,3.4280,12,0,16,1,0.4062,,,0.4940
UGA,2016,exports_gdp,16.6611,12,3,16,3,4.2055,,2.8716,4.0688
UGA,2016,imports_gdp,20.1759,12,0,16,2,0.2610,,,4.4017
UGA,2016,current_account,-4.8828,12,0,16,1,1.7513,,,4.0053
UGA,2016,real_interest_rate,15.8908,12,3,16,3,1.5043,,0.3312,0.7189
UGA,2016,broad_money,19.9186,12,3,16,4,0.9304,,2.2924,5.0325
UGA,2016,govt_consumption,8.0094,12,3,16,2,0.3276,,7.5858,3.0728
UGA,2017,gdp_growth,6.3039,12,0,14,0,2.4849,,,
UGA,2017,unemployment,3.2490,12,0,14,1,0.2151,,,0.1201
UGA,2017,exports_gdp,15.0871,12,3,14,2,1.2635,,1.9589,0.8224
UGA,2017,imports_gdp,21.5514,12,0,14,2,1.6480,,,8.3382
UGA,2017,current_account,-6.3298,12,0,14,1,1.7790,,,1.5992
UGA,2017,real_interest_rate,14.7479,12,3,14,2,2.3152,,1.2915,3.3272
UGA,2017,broad_money,19.4171,12,3,14,4,0.1859,,0.8971,1.9253
UGA,2017,govt_consumption,8.6361,12,3,14,2,0.7642,,0.9456,2.8704
UGA,2018,gdp_growth,6.4387,12,0,16,0,1.5142,,,
UGA,2018,unemployment,3.0570,12,0,16,2,0.1796,,,0.3759
UGA,2018,exports_gdp,17.1091,12,3,16,3,1.8650,,2.7111,3.6267
UGA,2018,imports_gdp,22.2520,12,0,16,2,0.9550,,,5.5211
UGA,2018,current_account,-7.4442,12,0,16,1,1.2976,,,2.3199
UGA,2018,real_interest_rate,14.7479,12,3,16,2,0.5717,,0.1383,1.1093
UGA,2018,broad_money,20.5231,12,3,16,4,0.9176,,3.6653,3.2293
UGA,2018,govt_consumption,8.7746,12,3,16,2,0.2679,,2.4778,2.0710
UGA,2019,gdp_growth,2.9513,12,0,18,0,3.4315,,,
UGA,2019,unemployment,3.8190,12,0,18,2,0.7763,,,0.7616
UGA,2019,exports_gdp,15.4148,12,3,18,3,1.4635,,0.7419,1.0677
UGA,2019,imports_gdp,21.5859,12,0,18,2,0.5407,,,2.6726
UGA,2019,current_account,-9.5696,12,0,18,1,2.2455,,,5.1434
UGA,2019,real_interest_rate,14.7479,12,3,18,2,0.0000,,1.7851,0.3118
UGA,2019,broad_money,22.7314,12,3,18,5,2.6273,,2.0307,5.0514
UGA,2019,govt_consumption,9.5114,12,3,18,3,0.7653,,1.1465,1.1465
UGA,2020,gdp_growth,3.5366,12,0,20,0,0.8675,,,
UGA,2020,unemployment,3.4160,12,0,20,3,0.4406,,,0.4769
UGA,2020,exports_gdp,15.7810,12,3,20,3,0.1488,,2.9241,1.8236
UGA,2020,imports_gdp,25.9326,12,0,20,3,4.2262,,,0.7951
UGA,2020,current_account,-8.8945,12,0,20,1,0.4989,,,2.0729
UGA,2020,real_interest_rate,14.7479,12,3,20,2,0.0000,,1.6348,6.4419
UGA,2020,broad_money,22.4881,12,3,20,5,0.5511,,2.2808,3.1673
UGA,2020,govt_consumption,9.9316,12,3,20,3,0.5715,,0.9012,0.9012
UGA,2021,gdp_growth,4.5880,12,0,20,0,1.2884,,,
UGA,2021,unemployment,2.8850,12,0,20,3,0.5320,,,0.2953
UGA,2021,exports_gdp,12.0220,12,3,20,3,3.7115,,4.5703,3.0915
UGA,2021,imports_gdp,22.4833,12,0,20,3,2.6072,,,4.4539
UGA,2021,current_account,-8.9190,12,0,20,1,0.0383,,,2.9549
UGA,2021,real_interest_rate,14.7479,12,3,20,2,0.0000,,0.5437,3.2111
UGA,2021,broad_money,22.0304,12,3,20,5,0.5434,,1.5409,1.6418
UGA,2021,govt_consumption,9.7873,12,3,20,3,0.0590,,0.4765,0.4765
UGA,2022,gdp_growth,5.3370,12,0,20,0,1.1718,,,
UGA,2022,unemployment,2.7540,12,0,20,2,0.1152,,,0.8025
UGA,2022,exports_gdp,11.6017,12,3,20,3,0.9311,,3.8316,5.3568
UGA,2022,imports_gdp,21.7400,12,0,20,3,1.5780,,,2.7112
UGA,2022,current_account,-7.4328,12,0,20,1,1.4839,,,6.0149
UGA,2022,real_interest_rate,14.7479,12,3,20,3,0.0000,,0.5192,0.1778
UGA,2022,broad_money,21.6816,12,3,20,5,0.5098,,6.1710,4.2902
UGA,2022,govt_consumption,9.5662,12,3,20,3,0.2505,,4.3156,4.3156
