scenario,country,country_code,year,step_count,avg_confidence,active_hyp
local,Kenya,KEN,1990,1,0.416667,38
local,Tanzania,TZA,1990,1,0.416667,38
local,Uganda,UGA,1990,1,0.416667,38
federated,Kenya,KEN,1990,3,0.328937,38
federated,Tanzania,TZA,1990,3,0.325445,38
federated,Uganda,UGA,1990,3,0.320877,38
local,Kenya,KEN,1991,2,0.342105,38
local,Tanzania,TZA,1991,2,0.345395,38
local,Uganda,UGA,1991,2,0.351974,38
federated,Kenya,KEN,1991,6,0.284233,43
federated,Tanzania,TZA,1991,6,0.284676,43
federated,Uganda,UGA,1991,6,0.279225,43
local,Kenya,KEN,1992,3,0.30193,38
local,Tanzania,TZA,1992,3,0.31006,38
local,Uganda,UGA,1992,3,0.320005,38
federated,Kenya,KEN,1992,9,0.247229,43
federated,Tanzania,TZA,1992,9,0.242577,43
federated,Uganda,UGA,1992,9,0.243607,43
local,Kenya,KEN,1993,4,0.273686,38
local,Tanzania,TZA,1993,4,0.280497,38
local,Uganda,UGA,1993,4,0.296474,38
federated,Kenya,KEN,1993,12,0.231931,48
federated,Tanzania,TZA,1993,12,0.228449,48
federated,Uganda,UGA,1993,12,0.228277,48
local,Kenya,KEN,1994,5,0.280196,43
local,Tanzania,TZA,1994,5,0.292181,43
local,Uganda,UGA,1994,5,0.303138,43
federated,Kenya,KEN,1994,15,0.236341,53
federated,Tanzania,TZA,1994,15,0.234097,53
federated,Uganda,UGA,1994,15,0.234106,53
local,Kenya,KEN,1995,6,0.24616,43
local,Tanzania,TZA,1995,6,0.260665,43
local,Uganda,UGA,1995,6,0.269936,43
federated,Kenya,KEN,1995,18,0.197113,53
federated,Tanzania,TZA,1995,18,0.195718,53
federated,Uganda,UGA,1995,18,0.195587,53
local,Kenya,KEN,1996,7,0.230266,43
local,Tanzania,TZA,1996,7,0.246595,43
local,Uganda,UGA,1996,7,0.251189,43
federated,Kenya,KEN,1996,21,0.199039,58
federated,Tanzania,TZA,1996,21,0.198104,58
federated,Uganda,UGA,1996,21,0.198779,58
local,Kenya,KEN,1997,8,0.21652,43
local,Tanzania,TZA,1997,8,0.238857,43
local,Uganda,UGA,1997,8,0.236273,43
federated,Kenya,KEN,1997,24,0.184223,58
federated,Tanzania,TZA,1997,24,0.183926,58
federated,Uganda,UGA,1997,24,0.185614,58
local,Kenya,KEN,1998,9,0.204353,43
local,Tanzania,TZA,1998,9,0.234091,43
local,Uganda,UGA,1998,9,0.223215,43
federated,Kenya,KEN,1998,27,0.186885,63
federated,Tanzania,TZA,1998,27,0.187459,63
federated,Uganda,UGA,1998,27,0.189163,63
local,Kenya,KEN,1999,10,0.22732,48
local,Tanzania,TZA,1999,10,0.257461,48
local,Uganda,UGA,1999,10,0.241953,48
federated,Kenya,KEN,1999,30,0.276411,41
federated,Tanzania,TZA,1999,30,0.27517,41
federated,Uganda,UGA,1999,30,0.279823,42
local,Kenya,KEN,2000,11,0.204685,48
local,Tanzania,TZA,2000,11,0.239221,48
local,Uganda,UGA,2000,11,0.216727,48
federated,Kenya,KEN,2000,33,0.234111,41
federated,Tanzania,TZA,2000,33,0.233532,41
federated,Uganda,UGA,2000,33,0.239056,42
local,Kenya,KEN,2001,12,0.191194,48
local,Tanzania,TZA,2001,12,0.227591,48
local,Uganda,UGA,2001,12,0.202095,48
federated,Kenya,KEN,2001,36,0.233478,46
federated,Tanzania,TZA,2001,36,0.234533,46
federated,Uganda,UGA,2001,36,0.238169,47
local,Kenya,KEN,2002,13,0.182594,48
local,Tanzania,TZA,2002,13,0.21956,48
local,Uganda,UGA,2002,13,0.19245,48
federated,Kenya,KEN,2002,39,0.209281,46
federated,Tanzania,TZA,2002,39,0.210961,46
federated,Uganda,UGA,2002,39,0.214916,47
local,Kenya,KEN,2003,14,0.175309,48
local,Tanzania,TZA,2003,14,0.212705,48
local,Uganda,UGA,2003,14,0.185546,48
federated,Kenya,KEN,2003,42,0.247737,41
federated,Tanzania,TZA,2003,42,0.249648,41
federated,Uganda,UGA,2003,42,0.253571,42
local,Kenya,KEN,2004,15,0.201505,53
local,Tanzania,TZA,2004,15,0.235894,53
local,Uganda,UGA,2004,15,0.210159,53
federated,Kenya,KEN,2004,45,0.259655,46
federated,Tanzania,TZA,2004,45,0.261393,46
federated,Uganda,UGA,2004,45,0.264941,47
local,Kenya,KEN,2005,16,0.182151,53
local,Tanzania,TZA,2005,16,0.216704,53
local,Uganda,UGA,2005,16,0.189486,53
federated,Kenya,KEN,2005,48,0.219361,46
federated,Tanzania,TZA,2005,48,0.221139,46
federated,Uganda,UGA,2005,48,0.225778,47
local,Kenya,KEN,2006,17,0.170668,53
local,Tanzania,TZA,2006,17,0.20601,53
local,Uganda,UGA,2006,17,0.177939,53
federated,Kenya,KEN,2006,51,0.292824,34
federated,Tanzania,TZA,2006,51,0.293558,35
federated,Uganda,UGA,2006,51,0.291405,37
local,Kenya,KEN,2007,18,0.163988,53
local,Tanzania,TZA,2007,18,0.197606,53
local,Uganda,UGA,2007,18,0.17022,53
federated,Kenya,KEN,2007,54,0.263182,34
federated,Tanzania,TZA,2007,54,0.264627,35
federated,Uganda,UGA,2007,54,0.263966,37
local,Kenya,KEN,2008,19,0.157958,53
local,Tanzania,TZA,2008,19,0.191858,53
local,Uganda,UGA,2008,19,0.163976,53
federated,Kenya,KEN,2008,57,0.251087,39
federated,Tanzania,TZA,2008,57,0.252869,40
federated,Uganda,UGA,2008,57,0.252082,42
local,Kenya,KEN,2009,20,0.183809,58
local,Tanzania,TZA,2009,20,0.21366,58
local,Uganda,UGA,2009,20,0.188766,58
federated,Kenya,KEN,2009,60,0.306178,37
federated,Tanzania,TZA,2009,60,0.307046,38
federated,Uganda,UGA,2009,60,0.310103,39
local,Kenya,KEN,2010,21,0.171395,58
local,Tanzania,TZA,2010,21,0.197291,58
local,Uganda,UGA,2010,21,0.173387,58
federated,Kenya,KEN,2010,63,0.256996,37
federated,Tanzania,TZA,2010,63,0.259322,38
federated,Uganda,UGA,2010,63,0.263192,39
local,Kenya,KEN,2011,22,0.166535,58
local,Tanzania,TZA,2011,22,0.187371,58
local,Uganda,UGA,2011,22,0.167603,58
federated,Kenya,KEN,2011,66,0.251855,42
federated,Tanzania,TZA,2011,66,0.254413,43
federated,Uganda,UGA,2011,66,0.257209,44
local,Kenya,KEN,2012,23,0.164379,58
local,Tanzania,TZA,2012,23,0.182178,58
local,Uganda,UGA,2012,23,0.163409,58
federated,Kenya,KEN,2012,69,0.224946,42
federated,Tanzania,TZA,2012,69,0.228294,43
federated,Uganda,UGA,2012,69,0.231273,44
local,Kenya,KEN,2013,24,0.163827,58
local,Tanzania,TZA,2013,24,0.179042,58
local,Uganda,UGA,2013,24,0.16147,58
federated,Kenya,KEN,2013,72,0.256139,39
federated,Tanzania,TZA,2013,72,0.259176,40
federated,Uganda,UGA,2013,72,0.261138,41
local,Kenya,KEN,2014,25,0.190101,63
local,Tanzania,TZA,2014,25,0.201804,63
local,Uganda,UGA,2014,25,0.187907,63
federated,Kenya,KEN,2014,75,0.265605,44
federated,Tanzania,TZA,2014,75,0.268306,45
federated,Uganda,UGA,2014,75,0.269535,46
local,Kenya,KEN,2015,26,0.176897,63
local,Tanzania,TZA,2015,26,0.187157,63
local,Uganda,UGA,2015,26,0.174788,63
federated,Kenya,KEN,2015,78,0.223397,44
federated,Tanzania,TZA,2015,78,0.227152,45
federated,Uganda,UGA,2015,78,0.228854,46
local,Kenya,KEN,2016,27,0.170478,63
local,Tanzania,TZA,2016,27,0.180137,63
local,Uganda,UGA,2016,27,0.167884,63
federated,Kenya,KEN,2016,81,0.270698,39
federated,Tanzania,TZA,2016,81,0.274134,40
federated,Uganda,UGA,2016,81,0.274606,41
local,Kenya,KEN,2017,28,0.166171,63
local,Tanzania,TZA,2017,28,0.175693,63
local,Uganda,UGA,2017,28,0.163072,63
federated,Kenya,KEN,2017,84,0.241024,39
federated,Tanzania,TZA,2017,84,0.245567,40
federated,Uganda,UGA,2017,84,0.246569,41
local,Kenya,KEN,2018,29,0.163776,63
local,Tanzania,TZA,2018,29,0.173033,63
local,Uganda,UGA,2018,29,0.160916,63
federated,Kenya,KEN,2018,87,0.231191,44
federated,Tanzania,TZA,2018,87,0.235598,45
federated,Uganda,UGA,2018,87,0.236714,46
local,Kenya,KEN,2019,30,0.26511,36
local,Tanzania,TZA,2019,30,0.277725,39
local,Uganda,UGA,2019,30,0.257346,36
federated,Kenya,KEN,2019,90,0.295346,39
federated,Tanzania,TZA,2019,90,0.298664,40
federated,Uganda,UGA,2019,90,0.298509,41
local,Kenya,KEN,2020,31,0.23784,36
local,Tanzania,TZA,2020,31,0.251922,39
local,Uganda,UGA,2020,31,0.229913,36
federated,Kenya,KEN,2020,93,0.247299,39
federated,Tanzania,TZA,2020,93,0.251627,40
federated,Uganda,UGA,2020,93,0.25306,41
local,Kenya,KEN,2021,32,0.222207,36
local,Tanzania,TZA,2021,32,0.237947,39
local,Uganda,UGA,2021,32,0.215425,36
federated,Kenya,KEN,2021,96,0.243706,44
federated,Tanzania,TZA,2021,96,0.247189,45
federated,Uganda,UGA,2021,96,0.249105,46
local,Kenya,KEN,2022,33,0.212856,36
local,Tanzania,TZA,2022,33,0.228417,39
local,Uganda,UGA,2022,33,0.205671,36
federated,Kenya,KEN,2022,99,0.217527,44
federated,Tanzania,TZA,2022,99,0.221646,45
federated,Uganda,UGA,2022,99,0.224085,46
local,Kenya,KEN,2023,34,0.20573,36
local,Tanzania,TZA,2023,34,0.222219,39
local,Uganda,UGA,2023,34,0.19894,36
federated,Kenya,KEN,2023,102,0.284335,34
federated,Tanzania,TZA,2023,102,0.281851,36
federated,Uganda,UGA,2023,102,0.283115,37
