hypothesis_id,rel_type,birth_step,death_step,lifetime_steps,n_state_transitions,final_state,final_conf,evidence
8349ce97,pruned,0,9,9,0,tentative,0.0,0
2f25cb56,pruned,0,9,9,0,tentative,0.0,0
d2fc306f,MEDIATING,33,34,1,0,tentative,0.5,0
c0010cce,FUNCTIONAL,33,34,1,0,tentative,0.5,0
58e27ed3,pruned,0,9,9,0,tentative,0.0,0
c9020b79,pruned,13,19,6,0,tentative,0.0,0
c119587c,pruned,17,29,12,0,tentative,0.0,0
18e26d4a,pruned,0,9,9,0,tentative,0.0,0
2c42c53c,pruned,0,9,9,0,tentative,0.0,0
8f48f991,pruned,0,9,9,0,tentative,0.0,0
a5ee37fc,pruned,7,19,12,0,tentative,0.0,0
3824deab,pruned,0,9,9,0,tentative,0.0,0
2e8b9903,pruned,13,19,6,0,tentative,0.0,0
cbf449c0,pruned,5,19,14,0,tentative,0.0,0
74995489,pruned,0,9,9,0,tentative,0.0,0
bc3893fe,pruned,7,19,12,0,tentative,0.0,0
15ed65cd,pruned,1,9,8,0,tentative,0.0,0
59e76ae1,TEMPORAL,0,34,34,1,active,0.3971,34
429e815f,pruned,0,9,9,0,tentative,0.0,0
c3f67dc9,pruned,0,9,9,0,tentative,0.0,0
da7c7840,MEDIATING,25,34,9,0,tentative,0.1,8
6bd72a86,pruned,0,9,9,0,tentative,0.0,0
03bbd052,pruned,7,19,12,0,tentative,0.0,0
c951e9ce,pruned,3,9,6,0,tentative,0.0,0
0dd2526e,SYNERGISTIC,25,34,9,0,tentative,0.1,8
58030a06,pruned,9,19,10,0,tentative,0.0,0
d6c613c8,CAUSAL,27,34,7,0,tentative,0.125,6
a3711dae,pruned,0,9,9,0,tentative,0.0,0
da88ab39,pruned,0,9,9,0,tentative,0.0,0
56990bbf,pruned,11,19,8,0,tentative,0.0,0
eeef112d,pruned,0,9,9,0,tentative,0.0,0
8be3691d,SYNERGISTIC,33,34,1,0,tentative,0.5,0
5c706756,pruned,3,9,6,0,tentative,0.0,0
33850f77,FUNCTIONAL,31,34,3,0,tentative,0.25,2
f700570c,pruned,0,9,9,0,tentative,0.0,0
e634a095,TEMPORAL,0,34,34,1,active,0.444,34
c76ca582,pruned,23,29,6,0,tentative,0.0,0
854c5db3,pruned,5,19,14,0,tentative,0.0,0
3bae15db,pruned,17,29,12,0,tentative,0.0,0
c89d0acc,pruned,15,29,14,0,tentative,0.0,0
b4f1d317,pruned,3,9,6,0,tentative,0.0,0
9f10349b,COMPETITIVE,27,34,7,0,tentative,0.125,6
f622014d,pruned,15,29,14,0,tentative,0.0,0
f836559e,pruned,0,9,9,0,tentative,0.0,0
58442830,pruned,9,19,10,0,tentative,0.0,0
4833da43,pruned,19,29,10,0,tentative,0.0,0
b4099dcc,pruned,0,9,9,0,tentative,0.0,0
60417138,TEMPORAL,0,34,34,1,active,0.4424,34
0b5d0343,pruned,9,19,10,0,tentative,0.0,0
7f94acd6,CAUSAL,33,34,1,0,tentative,0.5,0
25b2a40a,pruned,0,9,9,0,tentative,0.0,0
adc14b51,pruned,15,29,14,0,tentative,0.0,0
c7a37e82,pruned,19,29,10,0,tentative,0.0,0
ba696790,pruned,11,19,8,0,tentative,0.0,0
a22c47b5,pruned,1,9,8,0,tentative,0.0,0
7d8ef9b7,pruned,7,19,12,0,tentative,0.0,0
fa2bd3f5,pruned,9,19,10,0,tentative,0.0,0
134a31a1,pruned,0,9,9,0,tentative,0.0,0
0d1ad97e,pruned,17,29,12,0,tentative,0.0,0
82c0fc0d,pruned,21,29,8,0,tentative,0.0,0
2cc7c086,pruned,15,29,14,0,tentative,0.0,0
11d2e0db,TEMPORAL,0,34,34,1,active,0.3531,34
d2162a9b,pruned,0,9,9,0,tentative,0.0,0
fd50706b,pruned,0,9,9,0,tentative,0.0,0
61149316,pruned,19,29,10,0,tentative,0.0,0
e0e60cc0,pruned,0,9,9,0,tentative,0.0,0
c4744ee1,pruned,3,9,6,0,tentative,0.0,0
eb3c6668,pruned,3,9,6,0,tentative,0.0,0
6270a594,GRAPH,29,34,5,0,tentative,0.1667,4
88a16a72,pruned,21,29,8,0,tentative,0.0,0
4df6533f,CAUSAL,27,34,7,0,tentative,0.125,6
24a30b3e,pruned,23,29,6,0,tentative,0.0,0
c20ebd7c,TEMPORAL,0,34,34,1,active,0.3752,34
7afd93ce,MEDIATING,31,34,3,0,tentative,0.25,2
21a9b68f,CAUSAL,33,34,1,0,tentative,0.5,0
9f2ed39d,pruned,0,9,9,0,tentative,0.0,0
20dcda78,pruned,11,19,8,0,tentative,0.0,0
ee51558d,pruned,15,29,14,0,tentative,0.0,0
ada5afc0,pruned,9,19,10,0,tentative,0.0,0
a6b7ac3e,pruned,11,19,8,0,tentative,0.0,0
1f7ab3a2,pruned,23,29,6,0,tentative,0.0,0
dfd136bb,FUNCTIONAL,25,34,9,0,tentative,0.1,8
0944fe99,pruned,13,19,6,0,tentative,0.0,0
6e1bf6f3,pruned,0,9,9,0,tentative,0.0,0
a0ce19cc,pruned,0,9,9,0,tentative,0.0,0
57547cf9,pruned,0,9,9,0,tentative,0.0,0
4dba4b3b,pruned,0,9,9,0,tentative,0.0,0
ec138bb2,pruned,7,19,12,0,tentative,0.0,0
743852e1,pruned,5,19,14,0,tentative,0.0,0
a22508d7,pruned,17,29,12,0,tentative,0.0,0
372ae4bd,MEDIATING,29,34,5,0,tentative,0.1667,4
00ee90d6,pruned,1,9,8,0,tentative,0.0,0
647b2343,pruned,0,9,9,0,tentative,0.0,0
1a2713fc,pruned,0,9,9,0,tentative,0.0,0
82b56d6a,pruned,5,19,14,0,tentative,0.0,0
a8047108,pruned,17,29,12,0,tentative,0.0,0
cb862e7f,CAUSAL,25,34,9,0,tentative,0.1,8
d4a42785,pruned,0,9,9,0,tentative,0.0,0
7d289097,pruned,23,29,6,0,tentative,0.0,0
8bd80a25,SYNERGISTIC,29,34,5,0,tentative,0.1667,4
bb71f77e,pruned,5,19,14,0,tentative,0.0,0
78a7b6ec,pruned,1,9,8,0,tentative,0.0,0
1bcfbc48,MEDIATING,27,34,7,0,tentative,0.125,6
3b8b3d19,pruned,21,29,8,0,tentative,0.0,0
821ce7d3,pruned,13,19,6,0,tentative,0.0,0
742dc034,pruned,0,9,9,0,tentative,0.0,0
e7dbc65d,pruned,21,29,8,0,tentative,0.0,0
5a05a2fa,SYNERGISTIC,31,34,3,0,tentative,0.25,2
6de790c6,pruned,13,19,6,0,tentative,0.0,0
e0e2290c,pruned,19,29,10,0,tentative,0.0,0
e211e8be,COMPETITIVE,29,34,5,0,tentative,0.1667,4
c65c3138,PROBABILISTIC,29,34,5,0,tentative,0.1667,4
8338fd0c,pruned,0,9,9,0,tentative,0.0,0
b33dd808,GRAPH,31,34,3,0,tentative,0.25,2
4ef865bd,FUNCTIONAL,25,34,9,0,tentative,0.1,8
4f0065a1,pruned,11,19,8,0,tentative,0.0,0
2328252b,pruned,1,9,8,0,tentative,0.0,0
3ba48143,pruned,0,9,9,0,tentative,0.0,0
5fb13b56,FUNCTIONAL,31,34,3,0,tentative,0.25,2
7cd467bb,SYNERGISTIC,27,34,7,0,tentative,0.125,6
03515a7b,pruned,19,29,10,0,tentative,0.0,0
7bb3dce2,pruned,23,29,6,0,tentative,0.0,0
a3d39ddb,pruned,21,29,8,0,tentative,0.0,0
