step,variable,baseline,shocked,delta,delta_pct,shock_id,shock_label
1,current_account,-1.2733,-1.278,-0.0047,-0.37,S1_electricity,Electricity access +20 pp
1,dom_credit_pvt,15.9028,15.8544,-0.0484,-0.3,S1_electricity,Electricity access +20 pp
1,fdi_inflows,0.2367,0.2366,-0.0001,-0.04,S1_electricity,Electricity access +20 pp
1,gdp_growth,2.8542,2.8646,0.0104,0.37,S1_electricity,Electricity access +20 pp
1,gdp_per_capita,909.5099,906.038,-3.4719,-0.38,S1_electricity,Electricity access +20 pp
1,gdp_usd,53482399924.318,53895439044.6995,413039120.3815,0.77,S1_electricity,Electricity access +20 pp
1,gov_expense_gdp,13.9131,13.8618,-0.0513,-0.37,S1_electricity,Electricity access +20 pp
1,inflation_cpi,3.841,3.8521,0.0111,0.29,S1_electricity,Electricity access +20 pp
1,inflation_deflator,2.7093,2.7061,-0.0032,-0.12,S1_electricity,Electricity access +20 pp
1,labor_force_part,33.3326,33.5393,0.2067,0.62,S1_electricity,Electricity access +20 pp
1,military_exp_gdp,0.4854,0.4883,0.0029,0.59,S1_electricity,Electricity access +20 pp
1,money_broad_gdp,20.1093,20.1734,0.064,0.32,S1_electricity,Electricity access +20 pp
1,real_interest_rate,3.8776,3.8588,-0.0188,-0.49,S1_electricity,Electricity access +20 pp
1,tax_revenue_gdp,7.0592,7.0126,-0.0466,-0.66,S1_electricity,Electricity access +20 pp
1,trade_gdp,20.6421,20.4769,-0.1651,-0.8,S1_electricity,Electricity access +20 pp
1,unemployment,2.7971,2.7754,-0.0217,-0.78,S1_electricity,Electricity access +20 pp
1,urban_pop_growth,1.3114,1.3155,0.0041,0.32,S1_electricity,Electricity access +20 pp
2,current_account,-0.6397,-0.639,0.0006,0.1,S1_electricity,Electricity access +20 pp
2,dom_credit_pvt,7.9558,7.9344,-0.0214,-0.27,S1_electricity,Electricity access +20 pp
2,fdi_inflows,0.1184,0.118,-0.0004,-0.34,S1_electricity,Electricity access +20 pp
2,gdp_growth,1.4314,1.4296,-0.0017,-0.12,S1_electricity,Electricity access +20 pp
2,gdp_per_capita,452.7153,454.2133,1.498,0.33,S1_electricity,Electricity access +20 pp
2,gdp_usd,26762018585.6223,26870627973.8147,108609388.1924,0.41,S1_electricity,Electricity access +20 pp
2,gov_debt_gdp,0.0,-0.0002,-0.0002,-3102.1,S1_electricity,Electricity access +20 pp
2,gov_expense_gdp,6.9602,6.9535,-0.0066,-0.09,S1_electricity,Electricity access +20 pp
2,inflation_cpi,1.9296,1.9188,-0.0108,-0.56,S1_electricity,Electricity access +20 pp
2,inflation_deflator,1.3522,1.3532,0.001,0.07,S1_electricity,Electricity access +20 pp
2,labor_force_part,16.5942,16.7698,0.1756,1.06,S1_electricity,Electricity access +20 pp
2,military_exp_gdp,0.2431,0.2449,0.0018,0.73,S1_electricity,Electricity access +20 pp
2,money_broad_gdp,10.0778,10.095,0.0173,0.17,S1_electricity,Electricity access +20 pp
2,real_interest_rate,1.942,1.9347,-0.0073,-0.38,S1_electricity,Electricity access +20 pp
2,tax_revenue_gdp,3.5195,3.5202,0.0006,0.02,S1_electricity,Electricity access +20 pp
2,trade_gdp,10.286,10.2087,-0.0773,-0.75,S1_electricity,Electricity access +20 pp
2,unemployment,1.3975,1.3908,-0.0067,-0.48,S1_electricity,Electricity access +20 pp
2,urban_pop_growth,0.6584,0.6582,-0.0002,-0.03,S1_electricity,Electricity access +20 pp
3,current_account,-0.319,-0.3207,-0.0018,-0.55,S1_electricity,Electricity access +20 pp
3,dom_credit_pvt,3.9951,3.9485,-0.0466,-1.17,S1_electricity,Electricity access +20 pp
3,fdi_inflows,0.0593,0.0591,-0.0002,-0.36,S1_electricity,Electricity access +20 pp
3,gdp_growth,0.7145,0.7115,-0.003,-0.42,S1_electricity,Electricity access +20 pp
3,gdp_per_capita,226.4608,226.3398,-0.121,-0.05,S1_electricity,Electricity access +20 pp
3,gdp_usd,13409689271.6424,13381577076.1944,-28112195.4479,-0.21,S1_electricity,Electricity access +20 pp
3,gov_debt_gdp,0.0,-0.0001,-0.0001,-3113.65,S1_electricity,Electricity access +20 pp
3,gov_expense_gdp,3.4685,3.4735,0.005,0.14,S1_electricity,Electricity access +20 pp
3,inflation_cpi,0.9643,0.9589,-0.0055,-0.57,S1_electricity,Electricity access +20 pp
3,inflation_deflator,0.675,0.6736,-0.0014,-0.21,S1_electricity,Electricity access +20 pp
3,labor_force_part,8.2604,8.4051,0.1447,1.75,S1_electricity,Electricity access +20 pp
3,military_exp_gdp,0.1212,0.1227,0.0015,1.26,S1_electricity,Electricity access +20 pp
3,money_broad_gdp,5.0475,5.0552,0.0077,0.15,S1_electricity,Electricity access +20 pp
3,real_interest_rate,0.9666,0.9713,0.0047,0.49,S1_electricity,Electricity access +20 pp
3,tax_revenue_gdp,1.751,1.7646,0.0136,0.78,S1_electricity,Electricity access +20 pp
3,trade_gdp,5.125,5.0934,-0.0316,-0.62,S1_electricity,Electricity access +20 pp
3,unemployment,0.6977,0.696,-0.0017,-0.24,S1_electricity,Electricity access +20 pp
3,urban_pop_growth,0.3295,0.3305,0.001,0.3,S1_electricity,Electricity access +20 pp
4,current_account,-0.1597,-0.1596,0.0001,0.08,S1_electricity,Electricity access +20 pp
4,dom_credit_pvt,1.9909,1.97,-0.0209,-1.05,S1_electricity,Electricity access +20 pp
4,fdi_inflows,0.0296,0.0295,-0.0001,-0.29,S1_electricity,Electricity access +20 pp
4,gdp_growth,0.356,0.3565,0.0006,0.16,S1_electricity,Electricity access +20 pp
4,gdp_per_capita,113.2749,112.8143,-0.4605,-0.41,S1_electricity,Electricity access +20 pp
4,gdp_usd,6678185247.3402,6717727137.1475,39541889.8073,0.59,S1_electricity,Electricity access +20 pp
4,gov_debt_gdp,0.0,-0.0001,-0.0001,-3097.44,S1_electricity,Electricity access +20 pp
4,gov_expense_gdp,1.7296,1.7379,0.0083,0.48,S1_electricity,Electricity access +20 pp
4,inflation_cpi,0.4822,0.4803,-0.0019,-0.39,S1_electricity,Electricity access +20 pp
4,inflation_deflator,0.3365,0.3377,0.0012,0.37,S1_electricity,Electricity access +20 pp
4,labor_force_part,4.1444,4.201,0.0566,1.37,S1_electricity,Electricity access +20 pp
4,military_exp_gdp,0.0608,0.0612,0.0003,0.57,S1_electricity,Electricity access +20 pp
4,money_broad_gdp,2.5194,2.533,0.0136,0.54,S1_electricity,Electricity access +20 pp
4,real_interest_rate,0.482,0.4878,0.0058,1.2,S1_electricity,Electricity access +20 pp
4,tax_revenue_gdp,0.8779,0.8825,0.0047,0.53,S1_electricity,Electricity access +20 pp
4,trade_gdp,2.5681,2.5403,-0.0278,-1.08,S1_electricity,Electricity access +20 pp
4,unemployment,0.3478,0.3494,0.0016,0.46,S1_electricity,Electricity access +20 pp
4,urban_pop_growth,0.1651,0.1646,-0.0005,-0.33,S1_electricity,Electricity access +20 pp
5,current_account,-0.0797,-0.08,-0.0002,-0.31,S1_electricity,Electricity access +20 pp
5,dom_credit_pvt,0.9997,0.9858,-0.0139,-1.39,S1_electricity,Electricity access +20 pp
5,fdi_inflows,0.0148,0.0147,-0.0,-0.29,S1_electricity,Electricity access +20 pp
5,gdp_growth,0.1782,0.1782,-0.0001,-0.03,S1_electricity,Electricity access +20 pp
5,gdp_per_capita,56.6023,56.6732,0.0709,0.13,S1_electricity,Electricity access +20 pp
5,gdp_usd,3346717434.5769,3345577872.1028,-1139562.4741,-0.03,S1_electricity,Electricity access +20 pp
5,gov_debt_gdp,0.0,-0.0,-0.0,-2920.33,S1_electricity,Electricity access +20 pp
5,gov_expense_gdp,0.8619,0.8715,0.0096,1.11,S1_electricity,Electricity access +20 pp
5,inflation_cpi,0.2419,0.2408,-0.0011,-0.44,S1_electricity,Electricity access +20 pp
5,inflation_deflator,0.1689,0.1684,-0.0005,-0.28,S1_electricity,Electricity access +20 pp
5,labor_force_part,2.0651,2.0968,0.0317,1.53,S1_electricity,Electricity access +20 pp
5,military_exp_gdp,0.0305,0.0307,0.0001,0.42,S1_electricity,Electricity access +20 pp
5,money_broad_gdp,1.2574,1.2621,0.0047,0.37,S1_electricity,Electricity access +20 pp
5,real_interest_rate,0.2418,0.2434,0.0016,0.65,S1_electricity,Electricity access +20 pp
5,tax_revenue_gdp,0.4403,0.4399,-0.0004,-0.09,S1_electricity,Electricity access +20 pp
5,trade_gdp,1.2784,1.2661,-0.0124,-0.97,S1_electricity,Electricity access +20 pp
5,unemployment,0.1744,0.1748,0.0004,0.22,S1_electricity,Electricity access +20 pp
5,urban_pop_growth,0.0823,0.0821,-0.0002,-0.25,S1_electricity,Electricity access +20 pp
1,current_account,-1.2734,-1.2791,-0.0057,-0.45,S2_debt,Government debt +15 pp GDP
1,dom_credit_pvt,15.9726,15.8912,-0.0814,-0.51,S2_debt,Government debt +15 pp GDP
1,fdi_inflows,0.2374,0.2367,-0.0007,-0.29,S2_debt,Government debt +15 pp GDP
1,gdp_growth,2.8687,2.8525,-0.0162,-0.57,S2_debt,Government debt +15 pp GDP
1,gdp_per_capita,902.5248,905.4244,2.8996,0.32,S2_debt,Government debt +15 pp GDP
1,gdp_usd,53693507865.3945,54003592080.725,310084215.3305,0.58,S2_debt,Government debt +15 pp GDP
1,gov_debt_gdp,0.0,35.1075,35.1075,3510751987.47,S2_debt,Government debt +15 pp GDP
1,gov_expense_gdp,13.9275,13.9016,-0.026,-0.19,S2_debt,Government debt +15 pp GDP
1,inflation_cpi,3.8208,3.8309,0.0101,0.27,S2_debt,Government debt +15 pp GDP
1,inflation_deflator,2.7198,2.7149,-0.005,-0.18,S2_debt,Government debt +15 pp GDP
1,labor_force_part,33.363,33.4181,0.0551,0.17,S2_debt,Government debt +15 pp GDP
1,military_exp_gdp,0.4895,0.4901,0.0006,0.12,S2_debt,Government debt +15 pp GDP
1,money_broad_gdp,20.2005,20.0284,-0.1721,-0.85,S2_debt,Government debt +15 pp GDP
1,real_interest_rate,3.8931,3.861,-0.032,-0.82,S2_debt,Government debt +15 pp GDP
1,tax_revenue_gdp,7.0568,6.9991,-0.0576,-0.82,S2_debt,Government debt +15 pp GDP
1,trade_gdp,20.6021,20.5772,-0.0249,-0.12,S2_debt,Government debt +15 pp GDP
1,unemployment,2.7961,2.776,-0.0201,-0.72,S2_debt,Government debt +15 pp GDP
1,urban_pop_growth,1.3123,1.3165,0.0042,0.32,S2_debt,Government debt +15 pp GDP
2,current_account,-0.6379,-0.6386,-0.0008,-0.12,S2_debt,Government debt +15 pp GDP
2,dom_credit_pvt,7.9564,7.9595,0.0032,0.04,S2_debt,Government debt +15 pp GDP
2,fdi_inflows,0.1188,0.1181,-0.0006,-0.54,S2_debt,Government debt +15 pp GDP
2,gdp_growth,1.4337,1.4288,-0.0049,-0.34,S2_debt,Government debt +15 pp GDP
2,gdp_per_capita,449.6815,454.4282,4.7468,1.06,S2_debt,Government debt +15 pp GDP
2,gdp_usd,26781631152.2503,27088798727.0564,307167574.8061,1.15,S2_debt,Government debt +15 pp GDP
2,gov_debt_gdp,-0.0003,17.5787,17.579,6666562.28,S2_debt,Government debt +15 pp GDP
2,gov_expense_gdp,6.9925,6.9322,-0.0603,-0.86,S2_debt,Government debt +15 pp GDP
2,inflation_cpi,1.9177,1.9134,-0.0043,-0.22,S2_debt,Government debt +15 pp GDP
2,inflation_deflator,1.3616,1.3537,-0.0079,-0.58,S2_debt,Government debt +15 pp GDP
2,labor_force_part,16.6287,16.7318,0.103,0.62,S2_debt,Government debt +15 pp GDP
2,military_exp_gdp,0.2439,0.2445,0.0006,0.25,S2_debt,Government debt +15 pp GDP
2,money_broad_gdp,10.066,10.0013,-0.0646,-0.64,S2_debt,Government debt +15 pp GDP
2,real_interest_rate,1.9392,1.9219,-0.0173,-0.89,S2_debt,Government debt +15 pp GDP
2,tax_revenue_gdp,3.5194,3.4823,-0.0371,-1.05,S2_debt,Government debt +15 pp GDP
2,trade_gdp,10.2967,10.2637,-0.0331,-0.32,S2_debt,Government debt +15 pp GDP
2,unemployment,1.4025,1.3889,-0.0137,-0.97,S2_debt,Government debt +15 pp GDP
2,urban_pop_growth,0.6544,0.6592,0.0048,0.73,S2_debt,Government debt +15 pp GDP
3,current_account,-0.3193,-0.3185,0.0008,0.24,S2_debt,Government debt +15 pp GDP
3,dom_credit_pvt,3.9808,3.9861,0.0053,0.13,S2_debt,Government debt +15 pp GDP
3,fdi_inflows,0.0592,0.0591,-0.0001,-0.12,S2_debt,Government debt +15 pp GDP
3,gdp_growth,0.7198,0.7147,-0.0051,-0.71,S2_debt,Government debt +15 pp GDP
3,gdp_per_capita,225.2921,227.9751,2.683,1.19,S2_debt,Government debt +15 pp GDP
3,gdp_usd,13339041383.6819,13589986111.3841,250944727.7022,1.88,S2_debt,Government debt +15 pp GDP
3,gov_debt_gdp,-0.0001,8.812,8.8121,6699486.43,S2_debt,Government debt +15 pp GDP
3,gov_expense_gdp,3.5059,3.4766,-0.0293,-0.83,S2_debt,Government debt +15 pp GDP
3,inflation_cpi,0.9547,0.9561,0.0013,0.14,S2_debt,Government debt +15 pp GDP
3,inflation_deflator,0.6777,0.6741,-0.0036,-0.53,S2_debt,Government debt +15 pp GDP
3,labor_force_part,8.3373,8.3351,-0.0023,-0.03,S2_debt,Government debt +15 pp GDP
3,military_exp_gdp,0.1223,0.1224,0.0001,0.1,S2_debt,Government debt +15 pp GDP
3,money_broad_gdp,5.0157,5.015,-0.0007,-0.01,S2_debt,Government debt +15 pp GDP
3,real_interest_rate,0.9697,0.9567,-0.013,-1.34,S2_debt,Government debt +15 pp GDP
3,tax_revenue_gdp,1.7659,1.738,-0.0279,-1.58,S2_debt,Government debt +15 pp GDP
3,trade_gdp,5.1377,5.1358,-0.002,-0.04,S2_debt,Government debt +15 pp GDP
3,unemployment,0.7027,0.6925,-0.0102,-1.45,S2_debt,Government debt +15 pp GDP
3,urban_pop_growth,0.3279,0.3306,0.0027,0.82,S2_debt,Government debt +15 pp GDP
4,current_account,-0.1601,-0.1593,0.0008,0.52,S2_debt,Government debt +15 pp GDP
4,dom_credit_pvt,1.9967,1.9898,-0.0069,-0.35,S2_debt,Government debt +15 pp GDP
4,fdi_inflows,0.0296,0.0296,-0.0,-0.16,S2_debt,Government debt +15 pp GDP
4,gdp_growth,0.3602,0.3562,-0.004,-1.12,S2_debt,Government debt +15 pp GDP
4,gdp_per_capita,112.6044,114.2058,1.6014,1.42,S2_debt,Government debt +15 pp GDP
4,gdp_usd,6643973551.4832,6772357952.5393,128384401.0562,1.93,S2_debt,Government debt +15 pp GDP
4,gov_debt_gdp,-0.0001,4.4187,4.4188,6736711.91,S2_debt,Government debt +15 pp GDP
4,gov_expense_gdp,1.7453,1.7439,-0.0015,-0.08,S2_debt,Government debt +15 pp GDP
4,inflation_cpi,0.4751,0.4762,0.0012,0.25,S2_debt,Government debt +15 pp GDP
4,inflation_deflator,0.339,0.3365,-0.0025,-0.74,S2_debt,Government debt +15 pp GDP
4,labor_force_part,4.1572,4.1506,-0.0066,-0.16,S2_debt,Government debt +15 pp GDP
4,military_exp_gdp,0.0614,0.0615,0.0001,0.15,S2_debt,Government debt +15 pp GDP
4,money_broad_gdp,2.5201,2.5017,-0.0184,-0.73,S2_debt,Government debt +15 pp GDP
4,real_interest_rate,0.4841,0.4766,-0.0075,-1.56,S2_debt,Government debt +15 pp GDP
4,tax_revenue_gdp,0.8812,0.8707,-0.0105,-1.19,S2_debt,Government debt +15 pp GDP
4,trade_gdp,2.5698,2.5568,-0.013,-0.5,S2_debt,Government debt +15 pp GDP
4,unemployment,0.3519,0.3466,-0.0053,-1.49,S2_debt,Government debt +15 pp GDP
4,urban_pop_growth,0.1647,0.1653,0.0007,0.42,S2_debt,Government debt +15 pp GDP
5,current_account,-0.0799,-0.0799,-0.0,-0.05,S2_debt,Government debt +15 pp GDP
5,dom_credit_pvt,0.9972,0.9995,0.0023,0.23,S2_debt,Government debt +15 pp GDP
5,fdi_inflows,0.0148,0.0148,0.0001,0.47,S2_debt,Government debt +15 pp GDP
5,gdp_growth,0.1798,0.178,-0.0018,-0.99,S2_debt,Government debt +15 pp GDP
5,gdp_per_capita,56.2045,56.8488,0.6443,1.15,S2_debt,Government debt +15 pp GDP
5,gdp_usd,3325876193.9266,3381514194.8067,55638000.8801,1.67,S2_debt,Government debt +15 pp GDP
5,gov_debt_gdp,-0.0,2.2056,2.2056,6735983.58,S2_debt,Government debt +15 pp GDP
5,gov_expense_gdp,0.8703,0.8686,-0.0017,-0.2,S2_debt,Government debt +15 pp GDP
5,inflation_cpi,0.2387,0.2389,0.0002,0.1,S2_debt,Government debt +15 pp GDP
5,inflation_deflator,0.1699,0.1688,-0.0011,-0.63,S2_debt,Government debt +15 pp GDP
5,labor_force_part,2.0732,2.0758,0.0025,0.12,S2_debt,Government debt +15 pp GDP
5,military_exp_gdp,0.0306,0.0307,0.0001,0.48,S2_debt,Government debt +15 pp GDP
5,money_broad_gdp,1.2572,1.2564,-0.0008,-0.07,S2_debt,Government debt +15 pp GDP
5,real_interest_rate,0.2425,0.2373,-0.0051,-2.12,S2_debt,Government debt +15 pp GDP
5,tax_revenue_gdp,0.4385,0.4369,-0.0017,-0.38,S2_debt,Government debt +15 pp GDP
5,trade_gdp,1.2882,1.2738,-0.0144,-1.12,S2_debt,Government debt +15 pp GDP
5,unemployment,0.1757,0.1725,-0.0032,-1.82,S2_debt,Government debt +15 pp GDP
5,urban_pop_growth,0.0819,0.0827,0.0008,1.0,S2_debt,Government debt +15 pp GDP
1,current_account,-1.2781,-1.2734,0.0047,0.37,S3_inflation,Inflation shock +5 pp
1,dom_credit_pvt,15.8429,15.8686,0.0257,0.16,S3_inflation,Inflation shock +5 pp
1,fdi_inflows,0.2363,0.2366,0.0002,0.1,S3_inflation,Inflation shock +5 pp
1,gdp_growth,2.8704,2.8491,-0.0213,-0.74,S3_inflation,Inflation shock +5 pp
1,gdp_per_capita,907.458,909.1872,1.7292,0.19,S3_inflation,Inflation shock +5 pp
1,gdp_usd,53673531539.7122,53767291194.2034,93759654.4912,0.17,S3_inflation,Inflation shock +5 pp
1,gov_expense_gdp,13.8614,13.9395,0.078,0.56,S3_inflation,Inflation shock +5 pp
1,inflation_cpi,3.8246,6.3124,2.4878,65.05,S3_inflation,Inflation shock +5 pp
1,inflation_deflator,2.7008,2.7161,0.0153,0.57,S3_inflation,Inflation shock +5 pp
1,labor_force_part,33.4587,33.6207,0.162,0.48,S3_inflation,Inflation shock +5 pp
1,military_exp_gdp,0.4869,0.4882,0.0014,0.28,S3_inflation,Inflation shock +5 pp
1,money_broad_gdp,20.1598,20.1537,-0.006,-0.03,S3_inflation,Inflation shock +5 pp
1,real_interest_rate,3.8698,3.8864,0.0165,0.43,S3_inflation,Inflation shock +5 pp
1,tax_revenue_gdp,7.0594,7.0088,-0.0506,-0.72,S3_inflation,Inflation shock +5 pp
1,trade_gdp,20.4786,20.5129,0.0343,0.17,S3_inflation,Inflation shock +5 pp
1,unemployment,2.7898,2.7839,-0.0058,-0.21,S3_inflation,Inflation shock +5 pp
1,urban_pop_growth,1.3123,1.3071,-0.0051,-0.39,S3_inflation,Inflation shock +5 pp
2,current_account,-0.6397,-0.6374,0.0023,0.35,S3_inflation,Inflation shock +5 pp
2,dom_credit_pvt,7.9427,7.9011,-0.0416,-0.52,S3_inflation,Inflation shock +5 pp
2,fdi_inflows,0.1182,0.1183,0.0001,0.05,S3_inflation,Inflation shock +5 pp
2,gdp_growth,1.4333,1.4197,-0.0137,-0.95,S3_inflation,Inflation shock +5 pp
2,gdp_per_capita,454.44,454.1341,-0.3059,-0.07,S3_inflation,Inflation shock +5 pp
2,gdp_usd,26882854038.8939,26939264832.9353,56410794.0414,0.21,S3_inflation,Inflation shock +5 pp
2,gov_debt_gdp,-0.0,-0.0003,-0.0002,-1122.41,S3_inflation,Inflation shock +5 pp
2,gov_expense_gdp,6.9326,6.9678,0.0352,0.51,S3_inflation,Inflation shock +5 pp
2,inflation_cpi,1.9211,3.148,1.2269,63.86,S3_inflation,Inflation shock +5 pp
2,inflation_deflator,1.3498,1.354,0.0042,0.31,S3_inflation,Inflation shock +5 pp
2,labor_force_part,16.7781,16.8216,0.0434,0.26,S3_inflation,Inflation shock +5 pp
2,military_exp_gdp,0.2424,0.2436,0.0012,0.5,S3_inflation,Inflation shock +5 pp
2,money_broad_gdp,10.1251,10.0949,-0.0301,-0.3,S3_inflation,Inflation shock +5 pp
2,real_interest_rate,1.9393,1.9342,-0.0051,-0.27,S3_inflation,Inflation shock +5 pp
2,tax_revenue_gdp,3.5264,3.5112,-0.0152,-0.43,S3_inflation,Inflation shock +5 pp
2,trade_gdp,10.2487,10.2975,0.0489,0.48,S3_inflation,Inflation shock +5 pp
2,unemployment,1.4003,1.3897,-0.0106,-0.76,S3_inflation,Inflation shock +5 pp
2,urban_pop_growth,0.6542,0.6554,0.0012,0.18,S3_inflation,Inflation shock +5 pp
3,current_account,-0.3205,-0.3199,0.0006,0.19,S3_inflation,Inflation shock +5 pp
3,dom_credit_pvt,3.9516,3.9414,-0.0102,-0.26,S3_inflation,Inflation shock +5 pp
3,fdi_inflows,0.0592,0.059,-0.0003,-0.45,S3_inflation,Inflation shock +5 pp
3,gdp_growth,0.718,0.7116,-0.0064,-0.9,S3_inflation,Inflation shock +5 pp
3,gdp_per_capita,227.4145,226.6516,-0.7628,-0.34,S3_inflation,Inflation shock +5 pp
3,gdp_usd,13504872162.0594,13512625337.2962,7753175.2369,0.06,S3_inflation,Inflation shock +5 pp
3,gov_debt_gdp,-0.0,-0.0001,-0.0001,-1121.32,S3_inflation,Inflation shock +5 pp
3,gov_expense_gdp,3.4762,3.4735,-0.0027,-0.08,S3_inflation,Inflation shock +5 pp
3,inflation_cpi,0.9621,1.5808,0.6187,64.31,S3_inflation,Inflation shock +5 pp
3,inflation_deflator,0.676,0.6791,0.0031,0.47,S3_inflation,Inflation shock +5 pp
3,labor_force_part,8.3801,8.3844,0.0043,0.05,S3_inflation,Inflation shock +5 pp
3,military_exp_gdp,0.1208,0.1222,0.0014,1.16,S3_inflation,Inflation shock +5 pp
3,money_broad_gdp,5.0375,5.065,0.0274,0.54,S3_inflation,Inflation shock +5 pp
3,real_interest_rate,0.9688,0.9632,-0.0056,-0.58,S3_inflation,Inflation shock +5 pp
3,tax_revenue_gdp,1.7561,1.7625,0.0064,0.37,S3_inflation,Inflation shock +5 pp
3,trade_gdp,5.1495,5.1252,-0.0242,-0.47,S3_inflation,Inflation shock +5 pp
3,unemployment,0.7024,0.6977,-0.0047,-0.67,S3_inflation,Inflation shock +5 pp
3,urban_pop_growth,0.3282,0.3291,0.001,0.29,S3_inflation,Inflation shock +5 pp
4,current_account,-0.1597,-0.1607,-0.001,-0.62,S3_inflation,Inflation shock +5 pp
4,dom_credit_pvt,1.9796,1.9645,-0.0152,-0.77,S3_inflation,Inflation shock +5 pp
4,fdi_inflows,0.0297,0.0294,-0.0003,-1.16,S3_inflation,Inflation shock +5 pp
4,gdp_growth,0.3591,0.3553,-0.0039,-1.08,S3_inflation,Inflation shock +5 pp
4,gdp_per_capita,113.663,112.9675,-0.6955,-0.61,S3_inflation,Inflation shock +5 pp
4,gdp_usd,6743975580.5522,6782520742.9355,38545162.3834,0.57,S3_inflation,Inflation shock +5 pp
4,gov_debt_gdp,-0.0,-0.0001,-0.0001,-1117.88,S3_inflation,Inflation shock +5 pp
4,gov_expense_gdp,1.7298,1.7349,0.0051,0.3,S3_inflation,Inflation shock +5 pp
4,inflation_cpi,0.4808,0.7919,0.3111,64.69,S3_inflation,Inflation shock +5 pp
4,inflation_deflator,0.3395,0.3382,-0.0013,-0.38,S3_inflation,Inflation shock +5 pp
4,labor_force_part,4.2082,4.1778,-0.0305,-0.72,S3_inflation,Inflation shock +5 pp
4,military_exp_gdp,0.0601,0.0612,0.0011,1.83,S3_inflation,Inflation shock +5 pp
4,money_broad_gdp,2.5114,2.544,0.0326,1.3,S3_inflation,Inflation shock +5 pp
4,real_interest_rate,0.4823,0.4793,-0.003,-0.63,S3_inflation,Inflation shock +5 pp
4,tax_revenue_gdp,0.877,0.88,0.003,0.34,S3_inflation,Inflation shock +5 pp
4,trade_gdp,2.5745,2.5663,-0.0082,-0.32,S3_inflation,Inflation shock +5 pp
4,unemployment,0.3522,0.3491,-0.003,-0.87,S3_inflation,Inflation shock +5 pp
4,urban_pop_growth,0.1639,0.1653,0.0015,0.89,S3_inflation,Inflation shock +5 pp
5,current_account,-0.0798,-0.08,-0.0001,-0.14,S3_inflation,Inflation shock +5 pp
5,dom_credit_pvt,0.9925,0.979,-0.0135,-1.36,S3_inflation,Inflation shock +5 pp
5,fdi_inflows,0.0149,0.0147,-0.0002,-1.02,S3_inflation,Inflation shock +5 pp
5,gdp_growth,0.1793,0.1782,-0.0011,-0.6,S3_inflation,Inflation shock +5 pp
5,gdp_per_capita,56.9932,56.2772,-0.716,-1.26,S3_inflation,Inflation shock +5 pp
5,gdp_usd,3385749058.2571,3398990228.6464,13241170.3892,0.39,S3_inflation,Inflation shock +5 pp
5,gov_debt_gdp,-0.0,-0.0,-0.0,-1116.43,S3_inflation,Inflation shock +5 pp
5,gov_expense_gdp,0.8645,0.8646,0.0,0.0,S3_inflation,Inflation shock +5 pp
5,inflation_cpi,0.2405,0.3968,0.1563,65.0,S3_inflation,Inflation shock +5 pp
5,inflation_deflator,0.1704,0.1689,-0.0015,-0.87,S3_inflation,Inflation shock +5 pp
5,labor_force_part,2.1128,2.0851,-0.0276,-1.31,S3_inflation,Inflation shock +5 pp
5,military_exp_gdp,0.0301,0.0306,0.0005,1.59,S3_inflation,Inflation shock +5 pp
5,money_broad_gdp,1.2579,1.2687,0.0108,0.86,S3_inflation,Inflation shock +5 pp
5,real_interest_rate,0.24,0.2388,-0.0012,-0.49,S3_inflation,Inflation shock +5 pp
5,tax_revenue_gdp,0.4367,0.4411,0.0044,1.0,S3_inflation,Inflation shock +5 pp
5,trade_gdp,1.2889,1.2872,-0.0017,-0.13,S3_inflation,Inflation shock +5 pp
5,unemployment,0.1755,0.1741,-0.0014,-0.82,S3_inflation,Inflation shock +5 pp
5,urban_pop_growth,0.0818,0.0826,0.0008,0.98,S3_inflation,Inflation shock +5 pp
